{"ZS":{"current":154.67,"dec":224.9199981689453,"jan":200.00999450683594,"feb":146.99000549316406},"UVIX":{"current":6.99,"dec":5.710000038146973,"jan":5.889999866485596,"feb":6.28000020980835},"TLN":{"current":341.39,"dec":374.8399963378906,"jan":348.3599853515625,"feb":370.9700012207031},"TMDX":{"current":148,"dec":121.6500015258789,"jan":133.97500610351562,"feb":145.25999450683594},"TEM":{"current":51.4,"dec":59.04999923706055,"jan":59.81999969482422,"feb":53.25},"ZETA":{"current":18.04,"dec":20.350000381469727,"jan":18.579999923706055,"feb":16.950000762939453},"TE":{"current":6.51,"dec":6.679999828338623,"jan":8.329999923706055,"feb":6.159999847412109},"TAN":{"current":54.47,"dec":49.119998931884766,"jan":53.849998474121094,"feb":55},"SETM":{"current":36.02,"dec":28.950000762939453,"jan":34.72999954223633,"feb":38.630001068115234},"RMBS":{"current":87.59,"dec":91.88999938964844,"jan":113.83000183105469,"feb":99.66000366210938},"RIOT":{"current":15.29,"dec":12.670000076293945,"jan":15.470000267028809,"feb":16.290000915527344},"SE":{"current":87.82,"dec":127.56999969482422,"jan":116.48999786376953,"feb":108.44999694824219},"RBLX":{"current":66.97,"dec":81.02999877929688,"jan":65.76000213623047,"feb":68.66000366210938},"RDDT":{"current":145.69,"dec":229.8699951171875,"jan":180.27000427246094,"feb":145.80999755859375},"RBRK":{"current":53.87,"dec":76.4800033569336,"jan":55.95000076293945,"feb":51.959999084472656},"SEI":{"current":47.6,"dec":45.970001220703125,"jan":55.189998626708984,"feb":49.630001068115234},"RKT":{"current":16.43,"dec":19.360000610351562,"jan":17.93000030517578,"feb":18.190000534057617},"ROOT":{"current":47.8,"dec":72.2300033569336,"jan":62.130001068115234,"feb":51.880001068115234},"PRCT":{"current":26.26,"dec":31.459999084472656,"jan":28.959999084472656,"feb":22.690000534057617},"NU":{"current":14.76,"dec":16.739999771118164,"jan":17.75,"feb":14.979999542236328},"ONDS":{"current":10.02,"dec":9.760000228881836,"jan":10.359999656677246,"feb":10.079999923706055},"ONON":{"current":43.91,"dec":46.47999954223633,"jan":45.25,"feb":46.47999954223633},"MP":{"current":61.4,"dec":50.52000045776367,"jan":58.77000045776367,"feb":58.869998931884766},"PLAB":{"current":35.26,"dec":32,"jan":34.56999969482422,"feb":37.43000030517578},"OSCR":{"current":13.67,"dec":14.369999885559082,"jan":14.350000381469727,"feb":13.640000343322754},"ORCL":{"current":149.01,"dec":194.91000366210938,"jan":164.5800018310547,"feb":145.39999389648438},"MELI":{"current":1714.01,"dec":2014.260009765625,"jan":2147.7900390625,"feb":1757.5799560546875},"MKSI":{"current":232.56,"dec":159.8000030517578,"jan":235.41000366210938,"feb":244.4600067138672},"NOW":{"current":113.19,"dec":153.19000244140625,"jan":117.01000213623047,"feb":108.01000213623047},"LAC":{"current":4.77,"dec":4.360000133514404,"jan":4.869999885559082,"feb":5.059999942779541},"IOT":{"current":28.94,"dec":35.45000076293945,"jan":28.049999237060547,"feb":28.899999618530273},"ISRG":{"current":497.42,"dec":566.3599853515625,"jan":504.2200012207031,"feb":503.510009765625},"GTLB":{"current":26.7,"dec":37.529998779296875,"jan":34.97999954223633,"feb":26.299999237060547},"IREN":{"current":38.85,"dec":37.77000045776367,"jan":53.7400016784668,"feb":40.95000076293945},"HROW":{"current":38.605,"dec":49,"jan":40.939998626708984,"feb":54.18000030517578},"MDB":{"current":252.73,"dec":419.69000244140625,"jan":371.3299865722656,"feb":328.4700012207031},"GOOG":{"current":303.56,"dec":313.79998779296875,"jan":338.5299987792969,"feb":311.42999267578125},"HIMS":{"current":15.82,"dec":32.470001220703125,"jan":27.09000015258789,"feb":14.520000457763672},"LITE":{"current":694.43,"dec":368.5899963378906,"jan":391.8399963378906,"feb":700.9099731445312},"GLXY":{"current":20.68,"dec":22.360000610351562,"jan":28.260000228881836,"feb":20.59000015258789},"FOUR":{"current":49.89,"dec":62.970001220703125,"jan":59.040000915527344,"feb":44.06999969482422},"EOSE":{"current":6.06,"dec":11.460000038146973,"jan":14.640000343322754,"feb":5.695000171661377},"FVRR":{"current":10.69,"dec":19.760000228881836,"jan":16.75,"feb":10.829999923706055},"FLNC":{"current":14.92,"dec":19.780000686645508,"jan":30.770000457763672,"feb":15.539999961853027},"FTAI":{"current":281.75,"dec":196.85000610351562,"jan":272.32000732421875,"feb":305.79998779296875},"FIX":{"current":1391.16,"dec":933.2899780273438,"jan":1142.0999755859375,"feb":1429.3699951171875},"GLBE":{"current":34.64,"dec":39.310001373291016,"jan":36.54999923706055,"feb":34.970001220703125},"FCX":{"current":65.57,"dec":50.790000915527344,"jan":60.22999954223633,"feb":68.08000183105469},"DUOL":{"current":101.61,"dec":175.5,"jan":134.05999755859375,"feb":101},"CLPT":{"current":8.835,"dec":13.680000305175781,"jan":12.930000305175781,"feb":12.569999694824219},"CVNA":{"current":318.99,"dec":422.0199890136719,"jan":401.1099853515625,"feb":334.1600036621094},"DLO":{"current":11.94,"dec":14.140000343322754,"jan":13.460000038146973,"feb":12.239999771118164},"CRCL":{"current":99.63,"dec":79.30000305175781,"jan":63.93000030517578,"feb":83.44000244140625},"DAVE":{"current":208.76,"dec":221.41000366210938,"jan":163.69000244140625,"feb":193.27000427246094},"CIFR":{"current":14.71,"dec":14.760000228881836,"jan":15.960000038146973,"feb":15.600000381469727},"CPNG":{"current":19.21,"dec":23.59000015258789,"jan":20.15999984741211,"feb":19.079999923706055},"CRDO":{"current":97.3,"dec":143.88999938964844,"jan":125.27999877929688,"feb":112.2699966430664},"DDOG":{"current":111.77,"dec":135.99000549316406,"jan":129.32000732421875,"feb":111.95999908447266},"CRM":{"current":196.05,"dec":264.9100036621094,"jan":212.2899932861328,"feb":194.7899932861328},"AVAV":{"current":228.3,"dec":241.88999938964844,"jan":278.3900146484375,"feb":252.25},"CELH":{"current":47.11,"dec":45.7400016784668,"jan":52.47999954223633,"feb":53.61000061035156},"AXTI":{"current":41.76,"dec":16.350000381469727,"jan":18.540000915527344,"feb":37.900001525878906},"ATEC":{"current":13.02,"dec":21.040000915527344,"jan":14.829999923706055,"feb":13.619999885559082},"ASPN":{"current":3.34,"dec":2.8299999237060547,"jan":3.369999885559082,"feb":3.119999885559082},"AMD":{"current":190.95,"dec":214.16000366210938,"jan":236.72999572753906,"feb":200.2100067138672},"APP":{"current":438.89,"dec":673.8200073242188,"jan":473.1099853515625,"feb":434.7699890136719},"BABA":{"current":135.59,"dec":146.5800018310547,"jan":169.55999755859375,"feb":144.11000061035156},"ASX":{"current":22.31,"dec":16.100000381469727,"jan":18.979999542236328,"feb":24.290000915527344},"CCJ":{"current":117.79,"dec":91.48999786376953,"jan":123.38999938964844,"feb":118.4000015258789},"ACMR":{"current":51.54,"dec":39.45000076293945,"jan":58.119998931884766,"feb":55.68000030517578},"AMBA":{"current":57.45,"dec":70.83999633789062,"jan":64.04000091552734,"feb":60.34000015258789},"ALAB":{"current":109.8,"dec":166.36000061035156,"jan":150.6199951171875,"feb":118.83000183105469}}
